Year,Sexo,Value
2022,,12.0
2021,,11.0
2020,,10.2
2019,,10.3
2018,,9.5
2017,,8.9
2016,,8.6
2015,,8.6
2014,,8.6
2013,,9.0
2012,,9.1
2022,Hombres,13.4
2021,Hombres,12.4
2020,Hombres,11.5
2019,Hombres,11.4
2018,Hombres,10.3
2017,Hombres,9.5
2016,Hombres,9.2
2015,Hombres,9.0
2014,Hombres,8.8
2013,Hombres,9.0
2012,Hombres,9.2
2022,Mujeres,10.8
2021,Mujeres,9.8
2020,Mujeres,9.1
2019,Mujeres,9.3
2018,Mujeres,8.7
2017,Mujeres,8.3
2016,Mujeres,8.1
2015,Mujeres,8.3
2014,Mujeres,8.5
2013,Mujeres,9.0
2012,Mujeres,8.9
